index,nodeid,testname,iodepth,device,count,mean_mean,mean_min,stdev_mean,stdev_max,disk_type,disk_name,disk_model,units
8577,ms0235,randread,4096,/dev/sda2,95,98421.1947368,97965.5,63082.9391324,63349.1,SSD,/dev/sda,XR0120GEBLT,KB/s
8582,ms0235,write,1,/dev/sda2,95,1988.85305263,1943.45,14.6847932421,40.4099,SSD,/dev/sda,XR0120GEBLT,KB/s
8479,ms0222,write,4096,/dev/sda2,95,119653.968421,117905.0,2633.02264058,13931.1,SSD,/dev/sda,XR0120GEBLT,KB/s
8478,ms0222,write,1,/dev/sda2,95,1971.08568421,1968.62,11.1420127725,17.9966,SSD,/dev/sda,XR0120GEBLT,KB/s
8477,ms0222,read,4096,/dev/sda2,95,186970.431579,176396.0,2303.31687509,3684.3,SSD,/dev/sda,XR0120GEBLT,KB/s
8476,ms0222,read,1,/dev/sda2,95,75296.6294737,71027.1,2524.66383449,17016.0,SSD,/dev/sda,XR0120GEBLT,KB/s
8475,ms0222,randwrite,4096,/dev/sda2,95,1981.958,1976.72,56.9223898621,62.91,SSD,/dev/sda,XR0120GEBLT,KB/s
8474,ms0222,randwrite,1,/dev/sda2,95,1969.59968421,1964.82,11.1857463126,19.7888,SSD,/dev/sda,XR0120GEBLT,KB/s
8473,ms0222,randread,4096,/dev/sda2,95,98699.6063158,98354.1,62998.6840864,63422.7,SSD,/dev/sda,XR0120GEBLT,KB/s
8579,ms0235,randwrite,4096,/dev/sda2,95,2001.10536842,1992.38,58.1445400278,64.1991,SSD,/dev/sda,XR0120GEBLT,KB/s
8580,ms0235,read,1,/dev/sda2,95,75136.2621053,70589.3,2488.86461181,16786.5,SSD,/dev/sda,XR0120GEBLT,KB/s
8581,ms0235,read,4096,/dev/sda2,95,192114.368421,183302.0,2157.10692755,3888.61,SSD,/dev/sda,XR0120GEBLT,KB/s
8583,ms0235,write,4096,/dev/sda2,95,120267.526316,116537.0,2204.71173322,3829.61,SSD,/dev/sda,XR0120GEBLT,KB/s
8576,ms0235,randread,1,/dev/sda2,95,74202.6694737,73529.2,36739.2025393,37114.1,SSD,/dev/sda,XR0120GEBLT,KB/s
8472,ms0222,randread,1,/dev/sda2,95,74367.94,73719.5,36655.9944865,37054.1,SSD,/dev/sda,XR0120GEBLT,KB/s
8578,ms0235,randwrite,1,/dev/sda2,95,1988.38031579,1980.59,14.3907611463,22.6815,SSD,/dev/sda,XR0120GEBLT,KB/s
8944,ms0336,randread,1,/dev/sda2,94,74291.8404255,73670.5,36684.9374287,37067.7,SSD,/dev/sda,XR0120GEBLT,KB/s
8945,ms0336,randread,4096,/dev/sda2,94,98544.9776596,98341.2,63042.0594792,63640.3,SSD,/dev/sda,XR0120GEBLT,KB/s
8946,ms0336,randwrite,1,/dev/sda2,94,1975.90414894,1970.6,18.6797963076,24.8637,SSD,/dev/sda,XR0120GEBLT,KB/s
8947,ms0336,randwrite,4096,/dev/sda2,94,1988.57914894,1983.06,59.6343505759,65.3143,SSD,/dev/sda,XR0120GEBLT,KB/s
8948,ms0336,read,1,/dev/sda2,94,75174.0755319,70685.1,3058.0662029,16915.1,SSD,/dev/sda,XR0120GEBLT,KB/s
8949,ms0336,read,4096,/dev/sda2,94,193169.638298,189366.0,2008.31388141,3915.79,SSD,/dev/sda,XR0120GEBLT,KB/s
8950,ms0336,write,1,/dev/sda2,94,1977.3606383,1973.59,18.4165077078,20.1612,SSD,/dev/sda,XR0120GEBLT,KB/s
8951,ms0336,write,4096,/dev/sda2,94,120243.840426,118326.0,3256.9234204,13381.4,SSD,/dev/sda,XR0120GEBLT,KB/s
8464,ms0221,randread,1,/dev/sda2,90,74542.6566667,73906.1,36644.3963415,36959.1,SSD,/dev/sda,XR0120GEBLT,KB/s
8465,ms0221,randread,4096,/dev/sda2,90,98906.0088889,91547.8,63074.1009888,65647.6,SSD,/dev/sda,XR0120GEBLT,KB/s
8466,ms0221,randwrite,1,/dev/sda2,90,1956.78155556,1947.0,10.8347632891,20.8939,SSD,/dev/sda,XR0120GEBLT,KB/s
8467,ms0221,randwrite,4096,/dev/sda2,90,1969.10344444,1961.81,56.8270166567,62.2701,SSD,/dev/sda,XR0120GEBLT,KB/s
8468,ms0221,read,1,/dev/sda2,90,75527.3977778,71278.8,1899.71186216,17076.1,SSD,/dev/sda,XR0120GEBLT,KB/s
8469,ms0221,read,4096,/dev/sda2,90,193057.788889,190020.0,2594.8498599,3843.68,SSD,/dev/sda,XR0120GEBLT,KB/s
8470,ms0221,write,1,/dev/sda2,90,1958.11655556,1951.14,13.5769978722,75.4978,SSD,/dev/sda,XR0120GEBLT,KB/s
8471,ms0221,write,4096,/dev/sda2,90,118584.355556,116511.0,2800.64398543,13151.7,SSD,/dev/sda,XR0120GEBLT,KB/s
8830,ms0321,write,1,/dev/sda2,89,1952.45898876,1948.18,14.2496751891,77.3503,SSD,/dev/sda,XR0120GEBLT,KB/s
8827,ms0321,randwrite,4096,/dev/sda2,89,1963.49696629,1956.59,56.7812919323,63.2192,SSD,/dev/sda,XR0120GEBLT,KB/s
9593,ms0727,randread,4096,/dev/sda2,89,98726.794382,98345.7,63021.321155,63399.8,SSD,/dev/sda,XR0120GEBLT,KB/s
9594,ms0727,randwrite,1,/dev/sda2,89,1967.96258427,1946.13,19.9234736039,149.672,SSD,/dev/sda,XR0120GEBLT,KB/s
9595,ms0727,randwrite,4096,/dev/sda2,89,1980.14269663,1974.57,57.5044125079,62.5196,SSD,/dev/sda,XR0120GEBLT,KB/s
9596,ms0727,read,1,/dev/sda2,89,75355.6921348,71144.6,1900.31236384,17002.1,SSD,/dev/sda,XR0120GEBLT,KB/s
8824,ms0321,randread,1,/dev/sda2,89,74389.3067416,73611.3,36675.3883073,37015.1,SSD,/dev/sda,XR0120GEBLT,KB/s
8825,ms0321,randread,4096,/dev/sda2,89,98770.8865169,91462.2,63028.7267142,65560.4,SSD,/dev/sda,XR0120GEBLT,KB/s
8826,ms0321,randwrite,1,/dev/sda2,89,1951.5805618,1942.13,12.0985472163,23.2631,SSD,/dev/sda,XR0120GEBLT,KB/s
9592,ms0727,randread,1,/dev/sda2,89,74384.3258427,73637.6,36669.9966882,37033.4,SSD,/dev/sda,XR0120GEBLT,KB/s
8828,ms0321,read,1,/dev/sda2,89,75291.1483146,70876.2,3178.27609409,17091.7,SSD,/dev/sda,XR0120GEBLT,KB/s
9599,ms0727,write,4096,/dev/sda2,89,119311.786517,116682.0,3963.16974824,14259.4,SSD,/dev/sda,XR0120GEBLT,KB/s
8831,ms0321,write,4096,/dev/sda2,89,118967.910112,118326.0,1774.0534262,3065.7,SSD,/dev/sda,XR0120GEBLT,KB/s
9597,ms0727,read,4096,/dev/sda2,89,190938.168539,170940.0,2544.17471319,3885.68,SSD,/dev/sda,XR0120GEBLT,KB/s
9598,ms0727,write,1,/dev/sda2,89,1968.35955056,1962.52,13.1508560112,36.5532,SSD,/dev/sda,XR0120GEBLT,KB/s
8829,ms0321,read,4096,/dev/sda2,89,194662.370787,190803.0,2039.06035478,3828.57,SSD,/dev/sda,XR0120GEBLT,KB/s
4458,c220g2-011311,write,1,/dev/sda4,83,88454.9807229,81480.2,3245.16561609,6589.51,HDD,/dev/sda,HUC101212CSS600,KB/s
4454,c220g2-011311,read,1,/dev/sdc,83,87416.5096386,56091.8,1993.14292874,6690.07,SSD,/dev/sdc,INTEL SSDSC2BB48,KB/s
4455,c220g2-011311,read,4096,/dev/sda4,83,178664.795181,174756.0,7996.06709145,17572.9,HDD,/dev/sda,HUC101212CSS600,KB/s
4456,c220g2-011311,read,4096,/dev/sdb,83,179567.168675,168840.0,7792.28003646,16991.5,HDD,/dev/sdb,HUC101212CSS600,KB/s
4457,c220g2-011311,read,4096,/dev/sdc,83,494722.855422,478702.0,3689.69291504,10639.9,SSD,/dev/sdc,INTEL SSDSC2BB48,KB/s
4460,c220g2-011311,write,1,/dev/sdc,83,79037.6156627,54425.4,1109.53282217,2122.96,SSD,/dev/sdc,INTEL SSDSC2BB48,KB/s
4459,c220g2-011311,write,1,/dev/sdb,83,89656.9638554,77100.9,2429.80191459,14514.7,HDD,/dev/sdb,HUC101212CSS600,KB/s
4452,c220g2-011311,read,1,/dev/sda4,83,107534.801205,96152.4,3179.83897506,8646.58,HDD,/dev/sda,HUC101212CSS600,KB/s
4461,c220g2-011311,write,4096,/dev/sda4,83,181034.819277,177946.0,14572.6316837,18909.6,HDD,/dev/sda,HUC101212CSS600,KB/s
4462,c220g2-011311,write,4096,/dev/sdb,83,184174.180723,176730.0,8568.63495324,18514.1,HDD,/dev/sdb,HUC101212CSS600,KB/s
4463,c220g2-011311,write,4096,/dev/sdc,83,450402.204819,433948.0,25458.2183302,30535.0,SSD,/dev/sdc,INTEL SSDSC2BB48,KB/s
4453,c220g2-011311,read,1,/dev/sdb,83,108624.946988,96140.0,3032.3312451,9271.72,HDD,/dev/sdb,HUC101212CSS600,KB/s
4450,c220g2-011311,randwrite,4096,/dev/sdb,83,2744.62096386,2707.1,135.013023186,166.101,HDD,/dev/sdb,HUC101212CSS600,KB/s
4451,c220g2-011311,randwrite,4096,/dev/sdc,83,233206.228916,230606.0,4547.45668734,5373.3,SSD,/dev/sdc,INTEL SSDSC2BB48,KB/s
4449,c220g2-011311,randwrite,4096,/dev/sda4,83,2636.83915663,2598.35,148.854602529,177.414,HDD,/dev/sda,HUC101212CSS600,KB/s
4448,c220g2-011311,randwrite,1,/dev/sdc,83,80997.5072289,68210.8,1524.09731674,3054.67,SSD,/dev/sdc,INTEL SSDSC2BB48,KB/s
4447,c220g2-011311,randwrite,1,/dev/sdb,83,2451.54481928,2251.81,163.306907386,301.643,HDD,/dev/sdb,HUC101212CSS600,KB/s
4446,c220g2-011311,randwrite,1,/dev/sda4,83,2397.01638554,2207.09,139.88804482,281.045,HDD,/dev/sda,HUC101212CSS600,KB/s
4445,c220g2-011311,randread,4096,/dev/sdc,83,305609.783133,305320.0,4398.75425338,4542.78,SSD,/dev/sdc,INTEL SSDSC2BB48,KB/s
4444,c220g2-011311,randread,4096,/dev/sdb,83,3054.22048193,2985.58,135.976388631,147.295,HDD,/dev/sdb,HUC101212CSS600,KB/s
4443,c220g2-011311,randread,4096,/dev/sda4,83,2755.26554217,2669.85,144.544618523,177.929,HDD,/dev/sda,HUC101212CSS600,KB/s
4441,c220g2-011311,randread,1,/dev/sdb,83,938.332783133,934.147,38.7946247324,51.7599,HDD,/dev/sdb,HUC101212CSS600,KB/s
4440,c220g2-011311,randread,1,/dev/sda4,83,938.534493976,935.599,38.3852662666,49.5273,HDD,/dev/sda,HUC101212CSS600,KB/s
4442,c220g2-011311,randread,1,/dev/sdc,83,30556.4903614,23319.9,451.240919642,1893.54,SSD,/dev/sdc,INTEL SSDSC2BB48,KB/s
4368,c220g2-011308,randread,1,/dev/sda4,80,936.9897875,933.756,37.7541786564,48.9848,HDD,/dev/sda,HUC101212CSS600,KB/s
4371,c220g2-011308,randread,4096,/dev/sda4,80,2961.069,2930.38,141.531490395,158.911,HDD,/dev/sda,HUC101212CSS600,KB/s
4370,c220g2-011308,randread,1,/dev/sdc,80,30409.66875,23663.1,701.474729978,2935.52,SSD,/dev/sdc,INTEL SSDSC2BB48,KB/s
4375,c220g2-011308,randwrite,1,/dev/sdb,80,2471.044875,2269.15,105.224168515,273.148,HDD,/dev/sdb,HUC101212CSS600,KB/s
4382,c220g2-011308,read,1,/dev/sdc,80,87760.91375,66764.3,2033.00229012,8121.98,SSD,/dev/sdc,INTEL SSDSC2BB48,KB/s
4369,c220g2-011308,randread,1,/dev/sdb,80,935.2570875,929.595,38.1936902262,52.7049,HDD,/dev/sdb,HUC101212CSS600,KB/s
4380,c220g2-011308,read,1,/dev/sda4,80,107321.0425,96287.7,3053.71478622,5263.26,HDD,/dev/sda,HUC101212CSS600,KB/s
4379,c220g2-011308,randwrite,4096,/dev/sdc,80,232360.875,230461.0,4507.08074803,5776.9,SSD,/dev/sdc,INTEL SSDSC2BB48,KB/s
4378,c220g2-011308,randwrite,4096,/dev/sdb,80,2673.84125,2657.12,133.668895385,161.61,HDD,/dev/sdb,HUC101212CSS600,KB/s
4377,c220g2-011308,randwrite,4096,/dev/sda4,80,2664.771125,2642.04,148.619626739,176.107,HDD,/dev/sda,HUC101212CSS600,KB/s
4376,c220g2-011308,randwrite,1,/dev/sdc,80,79970.6025,69180.9,1279.8349974,2202.89,SSD,/dev/sdc,INTEL SSDSC2BB48,KB/s
4374,c220g2-011308,randwrite,1,/dev/sda4,80,2427.742625,2225.08,147.262328696,294.093,HDD,/dev/sda,HUC101212CSS600,KB/s
4373,c220g2-011308,randread,4096,/dev/sdc,80,305604.725,305092.0,4384.18446629,4594.89,SSD,/dev/sdc,INTEL SSDSC2BB48,KB/s
4381,c220g2-011308,read,1,/dev/sdb,80,108070.08,89790.8,3118.60871787,6518.83,HDD,/dev/sdb,HUC101212CSS600,KB/s
4372,c220g2-011308,randread,4096,/dev/sdb,80,2971.483125,2944.57,144.562858787,155.913,HDD,/dev/sdb,HUC101212CSS600,KB/s
4383,c220g2-011308,read,4096,/dev/sda4,80,175218.8125,162354.0,16179.538427,29293.1,HDD,/dev/sda,HUC101212CSS600,KB/s
4384,c220g2-011308,read,4096,/dev/sdb,80,171328.925,168462.0,12848.6381658,14704.3,HDD,/dev/sdb,HUC101212CSS600,KB/s
4385,c220g2-011308,read,4096,/dev/sdc,80,494767.125,477496.0,3466.49878762,10487.5,SSD,/dev/sdc,INTEL SSDSC2BB48,KB/s
4386,c220g2-011308,write,1,/dev/sda4,80,87539.125,75247.5,3800.11512395,11033.7,HDD,/dev/sda,HUC101212CSS600,KB/s
4387,c220g2-011308,write,1,/dev/sdb,80,89560.97375,78807.9,2089.2113989,4547.58,HDD,/dev/sdb,HUC101212CSS600,KB/s
4388,c220g2-011308,write,1,/dev/sdc,80,79304.84625,67772.0,1228.51772811,4072.23,SSD,/dev/sdc,INTEL SSDSC2BB48,KB/s
4389,c220g2-011308,write,4096,/dev/sda4,80,182212.05,177635.0,15461.9117554,18131.8,HDD,/dev/sda,HUC101212CSS600,KB/s
4390,c220g2-011308,write,4096,/dev/sdb,80,176229.575,170130.0,7696.35550459,14510.8,HDD,/dev/sdb,HUC101212CSS600,KB/s
4391,c220g2-011308,write,4096,/dev/sdc,80,444904.5125,428249.0,25691.3490752,30648.4,SSD,/dev/sdc,INTEL SSDSC2BB48,KB/s
4627,c220g2-011318,write,1,/dev/sdb,78,87900.4153846,36864.3,2673.9864683,9923.52,HDD,/dev/sdb,HUC101212CSS600,KB/s
4622,c220g2-011318,read,1,/dev/sdc,78,87269.6948718,37323.0,1969.46221388,7658.14,SSD,/dev/sdc,INTEL SSDSC2BB48,KB/s
4624,c220g2-011318,read,4096,/dev/sdb,78,177079.051282,173553.0,9235.06786049,11014.3,HDD,/dev/sdb,HUC101212CSS600,KB/s
4625,c220g2-011318,read,4096,/dev/sdc,78,494580.269231,479083.0,3531.51046276,9929.78,SSD,/dev/sdc,INTEL SSDSC2BB48,KB/s
4626,c220g2-011318,write,1,/dev/sda4,78,87034.8115385,56399.4,2897.38695473,6214.85,HDD,/dev/sda,HUC101212CSS600,KB/s
4623,c220g2-011318,read,4096,/dev/sda4,78,177405.705128,174249.0,8678.4585654,22478.6,HDD,/dev/sda,HUC101212CSS600,KB/s
4628,c220g2-011318,write,1,/dev/sdc,78,78606.5653846,36092.1,1283.20200143,5277.11,SSD,/dev/sdc,INTEL SSDSC2BB48,KB/s
4629,c220g2-011318,write,4096,/dev/sda4,78,180472.666667,178041.0,15370.6112714,17951.1,HDD,/dev/sda,HUC101212CSS600,KB/s
4630,c220g2-011318,write,4096,/dev/sdb,78,182203.653846,180728.0,7919.46324145,14642.1,HDD,/dev/sdb,HUC101212CSS600,KB/s
4631,c220g2-011318,write,4096,/dev/sdc,78,453574.935897,436423.0,24537.8462498,29859.9,SSD,/dev/sdc,INTEL SSDSC2BB48,KB/s
4620,c220g2-011318,read,1,/dev/sda4,78,105846.592308,39632.3,3056.48438151,5090.53,HDD,/dev/sda,HUC101212CSS600,KB/s
4621,c220g2-011318,read,1,/dev/sdb,78,107065.5,39564.5,3091.94975367,5054.61,HDD,/dev/sdb,HUC101212CSS600,KB/s
4615,c220g2-011318,randwrite,1,/dev/sdb,78,2425.42217949,2227.89,104.198256054,270.318,HDD,/dev/sdb,HUC101212CSS600,KB/s
4619,c220g2-011318,randwrite,4096,/dev/sdc,78,232645.679487,230416.0,4511.75670648,5472.82,SSD,/dev/sdc,INTEL SSDSC2BB48,KB/s
4612,c220g2-011318,randread,4096,/dev/sdb,78,2989.88166667,2924.35,136.846018666,146.159,HDD,/dev/sdb,HUC101212CSS600,KB/s
4618,c220g2-011318,randwrite,4096,/dev/sdb,78,2616.4474359,2576.69,127.550767301,157.76,HDD,/dev/sdb,HUC101212CSS600,KB/s
4609,c220g2-011318,randread,1,/dev/sdb,78,935.552717949,931.256,39.0847484084,52.0782,HDD,/dev/sdb,HUC101212CSS600,KB/s
4610,c220g2-011318,randread,1,/dev/sdc,78,30326.1974359,20684.1,563.510389512,2613.63,SSD,/dev/sdc,INTEL SSDSC2BB48,KB/s
4611,c220g2-011318,randread,4096,/dev/sda4,78,2802.92858974,2742.45,147.629490429,178.723,HDD,/dev/sda,HUC101212CSS600,KB/s
4608,c220g2-011318,randread,1,/dev/sda4,78,934.703448718,930.925,37.5938276602,49.1338,HDD,/dev/sda,HUC101212CSS600,KB/s
4613,c220g2-011318,randread,4096,/dev/sdc,78,305514.666667,304222.0,4372.04239699,4530.41,SSD,/dev/sdc,INTEL SSDSC2BB48,KB/s
4614,c220g2-011318,randwrite,1,/dev/sda4,78,2417.02987179,2243.55,127.902859362,263.83,HDD,/dev/sda,HUC101212CSS600,KB/s
4616,c220g2-011318,randwrite,1,/dev/sdc,78,78864.2512821,35899.3,1424.81263222,2983.5,SSD,/dev/sdc,INTEL SSDSC2BB48,KB/s
4617,c220g2-011318,randwrite,4096,/dev/sda4,78,2639.34384615,2597.79,156.052985874,233.58,HDD,/dev/sda,HUC101212CSS600,KB/s
4770,c220g2-011324,write,1,/dev/sda4,77,85868.9038961,73690.4,6372.62775789,9603.9,HDD,/dev/sda,HUC101212CSS600,KB/s
4765,c220g2-011324,read,1,/dev/sdb,77,108487.6,96637.0,2965.9757239,5475.67,HDD,/dev/sdb,HUC101212CSS600,KB/s
4764,c220g2-011324,read,1,/dev/sda4,77,107145.396104,93188.4,6343.81943651,17314.2,HDD,/dev/sda,HUC101212CSS600,KB/s
4763,c220g2-011324,randwrite,4096,/dev/sdc,77,233465.662338,231469.0,4444.8538846,5532.09,SSD,/dev/sdc,INTEL SSDSC2BB48,KB/s
4762,c220g2-011324,randwrite,4096,/dev/sdb,77,2647.63688312,2631.08,130.420650665,166.382,HDD,/dev/sdb,HUC101212CSS600,KB/s
4761,c220g2-011324,randwrite,4096,/dev/sda4,77,2641.98116883,2603.64,149.236643701,172.781,HDD,/dev/sda,HUC101212CSS600,KB/s
4760,c220g2-011324,randwrite,1,/dev/sdc,77,80661.1220779,76244.2,1383.18553755,2812.44,SSD,/dev/sdc,INTEL SSDSC2BB48,KB/s
4759,c220g2-011324,randwrite,1,/dev/sdb,77,2441.68324675,2270.38,106.271574837,248.113,HDD,/dev/sdb,HUC101212CSS600,KB/s
4766,c220g2-011324,read,1,/dev/sdc,77,87860.3792208,79815.4,1829.76556023,4330.36,SSD,/dev/sdc,INTEL SSDSC2BB48,KB/s
4767,c220g2-011324,read,4096,/dev/sda4,77,167781.753247,140980.0,27198.7585955,56234.4,HDD,/dev/sda,HUC101212CSS600,KB/s
4758,c220g2-011324,randwrite,1,/dev/sda4,77,2437.69,2219.89,119.055567148,307.462,HDD,/dev/sda,HUC101212CSS600,KB/s
4769,c220g2-011324,read,4096,/dev/sdc,77,494828.909091,477974.0,3335.95063801,10647.4,SSD,/dev/sdc,INTEL SSDSC2BB48,KB/s
4756,c220g2-011324,randread,4096,/dev/sdb,77,3001.33064935,2954.32,144.908246243,177.641,HDD,/dev/sdb,HUC101212CSS600,KB/s
4771,c220g2-011324,write,1,/dev/sdb,77,90301.1,78582.8,2035.68697613,3405.35,HDD,/dev/sdb,HUC101212CSS600,KB/s
4772,c220g2-011324,write,1,/dev/sdc,77,78771.6571429,55139.3,1089.02542968,2150.62,SSD,/dev/sdc,INTEL SSDSC2BB48,KB/s
4773,c220g2-011324,write,4096,/dev/sda4,77,170414.727273,166744.0,27431.4286001,31426.9,HDD,/dev/sda,HUC101212CSS600,KB/s
4774,c220g2-011324,write,4096,/dev/sdb,77,181790.155844,179565.0,7698.97829581,10487.1,HDD,/dev/sdb,HUC101212CSS600,KB/s
4775,c220g2-011324,write,4096,/dev/sdc,77,447452.792208,433866.0,23613.9195282,27321.2,SSD,/dev/sdc,INTEL SSDSC2BB48,KB/s
8903,ms0330,write,4096,/dev/sda2,77,119667.818182,117204.0,2312.02082292,12250.8,SSD,/dev/sda,XR0120GEBLT,KB/s
8902,ms0330,write,1,/dev/sda2,77,2003.74831169,1966.21,12.1300281025,48.8371,SSD,/dev/sda,XR0120GEBLT,KB/s
8901,ms0330,read,4096,/dev/sda2,77,189657.337662,179225.0,2188.98078349,3701.88,SSD,/dev/sda,XR0120GEBLT,KB/s
8900,ms0330,read,1,/dev/sda2,77,74911.4818182,70356.8,2735.48093819,16614.0,SSD,/dev/sda,XR0120GEBLT,KB/s
8899,ms0330,randwrite,4096,/dev/sda2,77,2015.65480519,2006.78,57.5572570441,64.9014,SSD,/dev/sda,XR0120GEBLT,KB/s
8898,ms0330,randwrite,1,/dev/sda2,77,2002.45818182,1995.02,11.3221902959,21.3558,SSD,/dev/sda,XR0120GEBLT,KB/s
8897,ms0330,randread,4096,/dev/sda2,77,97984.461039,90747.0,63133.5629852,63752.4,SSD,/dev/sda,XR0120GEBLT,KB/s
8896,ms0330,randread,1,/dev/sda2,77,73968.7298701,73289.3,36764.4089073,37114.0,SSD,/dev/sda,XR0120GEBLT,KB/s
4757,c220g2-011324,randread,4096,/dev/sdc,77,305722.480519,305334.0,4436.24736524,4569.2,SSD,/dev/sdc,INTEL SSDSC2BB48,KB/s
4768,c220g2-011324,read,4096,/dev/sdb,77,180223.727273,177258.0,7489.79152197,9017.51,HDD,/dev/sdb,HUC101212CSS600,KB/s
4755,c220g2-011324,randread,4096,/dev/sda4,77,2868.55935065,2793.91,142.639930056,168.104,HDD,/dev/sda,HUC101212CSS600,KB/s
4753,c220g2-011324,randread,1,/dev/sdb,77,937.269025974,933.212,39.4055999216,52.3992,HDD,/dev/sdb,HUC101212CSS600,KB/s
4752,c220g2-011324,randread,1,/dev/sda4,77,930.312922078,927.083,38.03351425,49.4514,HDD,/dev/sda,HUC101212CSS600,KB/s
4754,c220g2-011324,randread,1,/dev/sdc,77,30403.9038961,20947.7,524.438201922,1944.3,SSD,/dev/sdc,INTEL SSDSC2BB48,KB/s
4739,c220g2-011323,randwrite,4096,/dev/sdc,75,233207.666667,231439.0,4576.41068706,5578.88,SSD,/dev/sdc,INTEL SSDSC2BB48,KB/s
4728,c220g2-011323,randread,1,/dev/sda4,75,935.32408,932.06,36.7042893888,49.1968,HDD,/dev/sda,HUC101212CSS600,KB/s
4729,c220g2-011323,randread,1,/dev/sdb,75,932.619386667,928.647,37.5703386227,50.8624,HDD,/dev/sdb,HUC101212CSS600,KB/s
4730,c220g2-011323,randread,1,/dev/sdc,75,30582.2826667,21749.4,470.18096832,1676.03,SSD,/dev/sdc,INTEL SSDSC2BB48,KB/s
4731,c220g2-011323,randread,4096,/dev/sda4,75,2693.2844,2658.7,140.696178622,174.977,HDD,/dev/sda,HUC101212CSS600,KB/s
4732,c220g2-011323,randread,4096,/dev/sdb,75,2798.8596,2751.28,138.300180584,160.184,HDD,/dev/sdb,HUC101212CSS600,KB/s
4733,c220g2-011323,randread,4096,/dev/sdc,75,303475.066667,303152.0,4220.00567345,4959.8,SSD,/dev/sdc,INTEL SSDSC2BB48,KB/s
4735,c220g2-011323,randwrite,1,/dev/sdb,75,2447.70613333,2232.47,110.573915061,276.14,HDD,/dev/sdb,HUC101212CSS600,KB/s
4736,c220g2-011323,randwrite,1,/dev/sdc,75,80666.6693333,76810.4,1445.29596551,2676.75,SSD,/dev/sdc,INTEL SSDSC2BB48,KB/s
4737,c220g2-011323,randwrite,4096,/dev/sda4,75,2613.35733333,2587.37,149.241961681,188.412,HDD,/dev/sda,HUC101212CSS600,KB/s
4738,c220g2-011323,randwrite,4096,/dev/sdb,75,2663.62813333,2637.2,127.477017949,164.596,HDD,/dev/sdb,HUC101212CSS600,KB/s
4734,c220g2-011323,randwrite,1,/dev/sda4,75,2426.37613333,2232.68,112.430971158,272.8,HDD,/dev/sda,HUC101212CSS600,KB/s
4740,c220g2-011323,read,1,/dev/sda4,75,107432.701333,96479.9,2932.57814574,5243.97,HDD,/dev/sda,HUC101212CSS600,KB/s
4744,c220g2-011323,read,4096,/dev/sdb,75,177516.666667,175230.0,7664.61376939,8591.43,HDD,/dev/sdb,HUC101212CSS600,KB/s
4746,c220g2-011323,write,1,/dev/sda4,75,87432.5333333,80638.1,3252.87494891,7643.65,HDD,/dev/sda,HUC101212CSS600,KB/s
4747,c220g2-011323,write,1,/dev/sdb,75,90048.2293333,82112.9,1959.09841371,3532.22,HDD,/dev/sdb,HUC101212CSS600,KB/s
4748,c220g2-011323,write,1,/dev/sdc,75,79369.5133333,68451.7,1548.75214977,7277.8,SSD,/dev/sdc,INTEL SSDSC2BB48,KB/s
4749,c220g2-011323,write,4096,/dev/sda4,75,182433.133333,180203.0,15063.5172555,17939.8,HDD,/dev/sda,HUC101212CSS600,KB/s
4750,c220g2-011323,write,4096,/dev/sdb,75,181379.306667,179700.0,7407.93775104,8448.73,HDD,/dev/sdb,HUC101212CSS600,KB/s
4751,c220g2-011323,write,4096,/dev/sdc,75,443193.653333,428265.0,25175.2593372,30268.5,SSD,/dev/sdc,INTEL SSDSC2BB48,KB/s
4741,c220g2-011323,read,1,/dev/sdb,75,107979.5,60664.1,3200.21944754,5408.0,HDD,/dev/sdb,HUC101212CSS600,KB/s
4745,c220g2-011323,read,4096,/dev/sdc,75,494556.133333,477909.0,3470.31933586,10467.5,SSD,/dev/sdc,INTEL SSDSC2BB48,KB/s
4742,c220g2-011323,read,1,/dev/sdc,75,88284.8226667,77052.6,1910.52451802,2849.26,SSD,/dev/sdc,INTEL SSDSC2BB48,KB/s
4743,c220g2-011323,read,4096,/dev/sda4,75,178554.88,175768.0,8163.5327403,12977.7,HDD,/dev/sda,HUC101212CSS600,KB/s
4470,c220g2-011312,randwrite,1,/dev/sda4,73,2405.19958904,2392.53,95.6911874721,112.904,HDD,/dev/sda,HUC101212CSS600,KB/s
4483,c220g2-011312,write,1,/dev/sdb,73,89253.8945205,76884.7,2801.47015487,13287.5,HDD,/dev/sdb,HUC101212CSS600,KB/s
4464,c220g2-011312,randread,1,/dev/sda4,73,934.395520548,932.233,35.6213439011,36.9756,HDD,/dev/sda,HUC101212CSS600,KB/s
4465,c220g2-011312,randread,1,/dev/sdb,73,935.944328767,932.161,39.0925082753,52.6142,HDD,/dev/sdb,HUC101212CSS600,KB/s
4466,c220g2-011312,randread,1,/dev/sdc,73,30508.3328767,23525.9,647.78566632,2828.73,SSD,/dev/sdc,INTEL SSDSC2BB48,KB/s
4467,c220g2-011312,randread,4096,/dev/sda4,73,2629.73794521,2585.3,140.346201766,186.133,HDD,/dev/sda,HUC101212CSS600,KB/s
4487,c220g2-011312,write,4096,/dev/sdc,73,455202.726027,438436.0,25637.559766,32121.3,SSD,/dev/sdc,INTEL SSDSC2BB48,KB/s
4468,c220g2-011312,randread,4096,/dev/sdb,73,2981.99424658,2936.09,136.557857693,147.726,HDD,/dev/sdb,HUC101212CSS600,KB/s
4485,c220g2-011312,write,4096,/dev/sda4,73,180229.452055,177570.0,15518.767843,18617.7,HDD,/dev/sda,HUC101212CSS600,KB/s
4484,c220g2-011312,write,1,/dev/sdc,73,79432.0246575,70618.7,1006.32293098,1966.75,SSD,/dev/sdc,INTEL SSDSC2BB48,KB/s
4482,c220g2-011312,write,1,/dev/sda4,73,86722.4863014,54610.7,3594.24523259,8222.71,HDD,/dev/sda,HUC101212CSS600,KB/s
4471,c220g2-011312,randwrite,1,/dev/sdb,73,2495.52479452,2320.81,104.770035341,256.288,HDD,/dev/sdb,HUC101212CSS600,KB/s
4481,c220g2-011312,read,4096,/dev/sdc,73,493857.767123,479210.0,3724.43681156,11094.1,SSD,/dev/sdc,INTEL SSDSC2BB48,KB/s
4480,c220g2-011312,read,4096,/dev/sdb,73,178607.041096,174306.0,6392.80038672,7895.87,HDD,/dev/sdb,HUC101212CSS600,KB/s
4479,c220g2-011312,read,4096,/dev/sda4,73,179360.068493,177509.0,9440.22208927,13245.7,HDD,/dev/sda,HUC101212CSS600,KB/s
4478,c220g2-011312,read,1,/dev/sdc,73,86770.0589041,37800.7,2075.6511833,6199.85,SSD,/dev/sdc,INTEL SSDSC2BB48,KB/s
4469,c220g2-011312,randread,4096,/dev/sdc,73,305368.328767,302240.0,4321.96319626,4462.39,SSD,/dev/sdc,INTEL SSDSC2BB48,KB/s
4476,c220g2-011312,read,1,/dev/sda4,73,108023.189041,94057.4,3061.90704068,5481.92,HDD,/dev/sda,HUC101212CSS600,KB/s
4475,c220g2-011312,randwrite,4096,/dev/sdc,73,232560.60274,221098.0,4517.30061807,5360.63,SSD,/dev/sdc,INTEL SSDSC2BB48,KB/s
4474,c220g2-011312,randwrite,4096,/dev/sdb,73,2714.49054795,2698.88,130.699206495,158.31,HDD,/dev/sdb,HUC101212CSS600,KB/s
4473,c220g2-011312,randwrite,4096,/dev/sda4,73,2571.21219178,2547.09,143.339916368,262.743,HDD,/dev/sda,HUC101212CSS600,KB/s
4472,c220g2-011312,randwrite,1,/dev/sdc,73,80220.790411,65406.2,1989.93258748,10781.1,SSD,/dev/sdc,INTEL SSDSC2BB48,KB/s
4477,c220g2-011312,read,1,/dev/sdb,73,108704.660274,94462.3,3083.84698893,8032.87,HDD,/dev/sdb,HUC101212CSS600,KB/s
4486,c220g2-011312,write,4096,/dev/sdb,73,176134.589041,173741.0,8768.78177074,10490.3,HDD,/dev/sdb,HUC101212CSS600,KB/s
9066,ms0406,randwrite,1,/dev/sda2,72,2011.45486111,2006.14,12.6043503609,20.7738,SSD,/dev/sda,XR0120GEBLT,KB/s
9067,ms0406,randwrite,4096,/dev/sda2,72,2024.75555556,2019.33,59.8557700576,66.8607,SSD,/dev/sda,XR0120GEBLT,KB/s
9071,ms0406,write,4096,/dev/sda2,72,122239.930556,118597.0,2184.51888956,13567.6,SSD,/dev/sda,XR0120GEBLT,KB/s
9070,ms0406,write,1,/dev/sda2,72,2012.07097222,1973.92,13.476548801,42.2317,SSD,/dev/sda,XR0120GEBLT,KB/s
9069,ms0406,read,4096,/dev/sda2,72,172256.458333,161898.0,2015.26323518,3530.28,SSD,/dev/sda,XR0120GEBLT,KB/s
9064,ms0406,randread,1,/dev/sda2,72,73862.4152778,73451.8,36748.2737909,37007.1,SSD,/dev/sda,XR0120GEBLT,KB/s
9065,ms0406,randread,4096,/dev/sda2,72,97950.4916667,97584.7,63101.8751507,63312.3,SSD,/dev/sda,XR0120GEBLT,KB/s
9068,ms0406,read,1,/dev/sda2,72,74618.3652778,70600.6,4416.36756616,16715.1,SSD,/dev/sda,XR0120GEBLT,KB/s
5533,clnode027,randwrite,1,/dev/sdb,68,1704.79779412,1625.27,102.607492036,112.088,HDD,/dev/sdb,ST91000640NS,KB/s
5543,clnode027,write,4096,/dev/sdb,68,105335.0,104684.0,5805.24963388,6551.55,HDD,/dev/sdb,ST91000640NS,KB/s
5535,clnode027,randwrite,4096,/dev/sdb,68,1828.59176471,1740.96,116.016912967,125.617,HDD,/dev/sdb,ST91000640NS,KB/s
5534,clnode027,randwrite,4096,/dev/sda4,68,1597.14132353,1428.74,118.073227274,153.903,HDD,/dev/sda,ST91000640NS,KB/s
5531,clnode027,randread,4096,/dev/sdb,68,1831.61558824,1682.05,172.464270268,180.848,HDD,/dev/sdb,ST91000640NS,KB/s
5536,clnode027,read,1,/dev/sda4,68,58410.7338235,57592.1,1626.42671089,2128.58,HDD,/dev/sda,ST91000640NS,KB/s
5537,clnode027,read,1,/dev/sdb,68,59010.8544118,57496.4,1658.69065995,3532.89,HDD,/dev/sdb,ST91000640NS,KB/s
5538,clnode027,read,4096,/dev/sda4,68,111945.735294,111436.0,5302.75887224,5981.23,HDD,/dev/sda,ST91000640NS,KB/s
5539,clnode027,read,4096,/dev/sdb,68,111609.176471,111207.0,4443.11523304,5061.66,HDD,/dev/sdb,ST91000640NS,KB/s
5540,clnode027,write,1,/dev/sda4,68,55703.6058824,52872.3,1472.2796644,1869.05,HDD,/dev/sda,ST91000640NS,KB/s
5541,clnode027,write,1,/dev/sdb,68,53749.0573529,53086.0,1478.39374642,1995.86,HDD,/dev/sdb,ST91000640NS,KB/s
5532,clnode027,randwrite,1,/dev/sda4,68,1584.50382353,1398.16,98.4396075548,122.127,HDD,/dev/sda,ST91000640NS,KB/s
5542,clnode027,write,4096,/dev/sda4,68,104701.941176,103916.0,8856.36359594,11000.3,HDD,/dev/sda,ST91000640NS,KB/s
5530,clnode027,randread,4096,/dev/sda4,68,1853.69367647,1628.66,173.182697357,189.057,HDD,/dev/sda,ST91000640NS,KB/s
5528,clnode027,randread,1,/dev/sda4,68,657.404455882,643.911,31.7638500167,34.2772,HDD,/dev/sda,ST91000640NS,KB/s
5529,clnode027,randread,1,/dev/sdb,68,642.124647059,529.735,34.0354266221,41.7363,HDD,/dev/sdb,ST91000640NS,KB/s
8656,ms0245,randread,1,/dev/sda2,67,74146.3985075,73487.6,36705.8551008,37181.6,SSD,/dev/sda,XR0120GEBLT,KB/s
8663,ms0245,write,4096,/dev/sda2,67,120716.820896,119972.0,1776.98151562,3131.75,SSD,/dev/sda,XR0120GEBLT,KB/s
8662,ms0245,write,1,/dev/sda2,67,1983.03925373,1964.88,14.2252534065,34.1666,SSD,/dev/sda,XR0120GEBLT,KB/s
8661,ms0245,read,4096,/dev/sda2,67,192021.432836,183384.0,2012.73298164,3588.64,SSD,/dev/sda,XR0120GEBLT,KB/s
8659,ms0245,randwrite,4096,/dev/sda2,67,1994.46865672,1981.71,57.9099793352,65.3333,SSD,/dev/sda,XR0120GEBLT,KB/s
8658,ms0245,randwrite,1,/dev/sda2,67,1981.42701493,1969.4,13.2680584275,23.1783,SSD,/dev/sda,XR0120GEBLT,KB/s
8657,ms0245,randread,4096,/dev/sda2,67,98495.7597015,98172.6,63159.5139865,63372.7,SSD,/dev/sda,XR0120GEBLT,KB/s
8660,ms0245,read,1,/dev/sda2,67,75153.638806,71139.6,2142.86914516,16826.7,SSD,/dev/sda,XR0120GEBLT,KB/s
8552,ms0232,randread,1,/dev/sda2,66,74114.0333333,73367.5,36728.9018853,37071.6,SSD,/dev/sda,XR0120GEBLT,KB/s
9736,ms0745,randread,1,/dev/sda2,66,74274.669697,73799.4,36672.7498081,37028.8,SSD,/dev/sda,XR0120GEBLT,KB/s
8553,ms0232,randread,4096,/dev/sda2,66,98301.2166667,97936.4,63072.0347922,63410.8,SSD,/dev/sda,XR0120GEBLT,KB/s
8554,ms0232,randwrite,1,/dev/sda2,66,1990.06757576,1982.84,12.0278380295,22.6739,SSD,/dev/sda,XR0120GEBLT,KB/s
8555,ms0232,randwrite,4096,/dev/sda2,66,2003.07924242,1997.18,57.8420963401,63.9187,SSD,/dev/sda,XR0120GEBLT,KB/s
8556,ms0232,read,1,/dev/sda2,66,74955.519697,70837.4,3621.00790113,16820.0,SSD,/dev/sda,XR0120GEBLT,KB/s
8557,ms0232,read,4096,/dev/sda2,66,189952.666667,173527.0,2163.30590353,3817.9,SSD,/dev/sda,XR0120GEBLT,KB/s
8558,ms0232,write,1,/dev/sda2,66,1992.12015152,1984.41,11.4355459359,13.4683,SSD,/dev/sda,XR0120GEBLT,KB/s
8559,ms0232,write,4096,/dev/sda2,66,121094.318182,120433.0,1952.13432379,2943.96,SSD,/dev/sda,XR0120GEBLT,KB/s
9737,ms0745,randread,4096,/dev/sda2,66,98699.9106061,98345.8,63076.4664045,63365.3,SSD,/dev/sda,XR0120GEBLT,KB/s
9738,ms0745,randwrite,1,/dev/sda2,66,1965.4719697,1957.2,11.9493574167,20.3592,SSD,/dev/sda,XR0120GEBLT,KB/s
9739,ms0745,randwrite,4096,/dev/sda2,66,1978.14621212,1969.58,56.8970601774,62.6269,SSD,/dev/sda,XR0120GEBLT,KB/s
9740,ms0745,read,1,/dev/sda2,66,75299.6272727,71180.8,2147.35902622,16743.4,SSD,/dev/sda,XR0120GEBLT,KB/s
9741,ms0745,read,4096,/dev/sda2,66,185640.257576,176299.0,2269.85123578,3780.68,SSD,/dev/sda,XR0120GEBLT,KB/s
9742,ms0745,write,1,/dev/sda2,66,1966.60651515,1959.74,12.1945594574,17.0691,SSD,/dev/sda,XR0120GEBLT,KB/s
9743,ms0745,write,4096,/dev/sda2,66,119741.106061,119031.0,1792.65723193,2790.14,SSD,/dev/sda,XR0120GEBLT,KB/s
5592,clnode031,randread,1,/dev/sda4,65,655.854246154,638.216,32.2485915649,34.4204,HDD,/dev/sda,ST91000640NS,KB/s
6145,clnode065,read,1,/dev/sdb,65,58994.2615385,55487.0,1581.87526334,1991.24,HDD,/dev/sdb,ST91000640NS,KB/s
6139,clnode065,randread,4096,/dev/sdb,65,1915.56707692,1736.68,169.301786018,179.44,HDD,/dev/sdb,ST91000640NS,KB/s
6140,clnode065,randwrite,1,/dev/sda4,65,1692.06676923,1472.97,109.029039544,148.738,HDD,/dev/sda,ST91000640NS,KB/s
6141,clnode065,randwrite,1,/dev/sdb,65,1724.69015385,1622.43,100.359434215,108.956,HDD,/dev/sdb,ST91000640NS,KB/s
6142,clnode065,randwrite,4096,/dev/sda4,65,1772.65384615,1502.61,127.929629002,141.675,HDD,/dev/sda,ST91000640NS,KB/s
6143,clnode065,randwrite,4096,/dev/sdb,65,1834.22861538,1734.82,115.03470566,119.882,HDD,/dev/sdb,ST91000640NS,KB/s
6144,clnode065,read,1,/dev/sda4,65,59190.7015385,56015.8,1685.21087945,2228.54,HDD,/dev/sda,ST91000640NS,KB/s
6147,clnode065,read,4096,/dev/sdb,65,112379.630769,112175.0,6214.98074626,6517.16,HDD,/dev/sdb,ST91000640NS,KB/s
6137,clnode065,randread,1,/dev/sdb,65,656.134753846,567.171,32.2609853464,41.4378,HDD,/dev/sdb,ST91000640NS,KB/s
6148,clnode065,write,1,/dev/sda4,65,55392.2353846,53008.6,1485.6737638,1960.21,HDD,/dev/sda,ST91000640NS,KB/s
6149,clnode065,write,1,/dev/sdb,65,53877.3938462,51085.9,1531.55018729,2025.81,HDD,/dev/sdb,ST91000640NS,KB/s
6150,clnode065,write,4096,/dev/sda4,65,104096.569231,103461.0,9407.82572252,10957.5,HDD,/dev/sda,ST91000640NS,KB/s
6151,clnode065,write,4096,/dev/sdb,65,106051.323077,105328.0,6883.64745531,7517.18,HDD,/dev/sdb,ST91000640NS,KB/s
5607,clnode031,write,4096,/dev/sdb,65,106364.861538,105371.0,5981.79926918,6854.9,HDD,/dev/sdb,ST91000640NS,KB/s
5593,clnode031,randread,1,/dev/sdb,65,652.287323077,591.527,33.1116522224,40.6926,HDD,/dev/sdb,ST91000640NS,KB/s
6138,clnode065,randread,4096,/dev/sda4,65,1785.80953846,1679.69,168.675161348,180.23,HDD,/dev/sda,ST91000640NS,KB/s
6146,clnode065,read,4096,/dev/sda4,65,110850.938462,110315.0,6884.33811809,7424.72,HDD,/dev/sda,ST91000640NS,KB/s
6136,clnode065,randread,1,/dev/sda4,65,642.593476923,606.461,33.9661495441,39.589,HDD,/dev/sda,ST91000640NS,KB/s
5600,clnode031,read,1,/dev/sda4,65,58791.3123077,57394.9,1674.19766998,2211.61,HDD,/dev/sda,ST91000640NS,KB/s
5594,clnode031,randread,4096,/dev/sda4,65,1882.12323077,1813.16,165.051703112,178.202,HDD,/dev/sda,ST91000640NS,KB/s
5606,clnode031,write,4096,/dev/sda4,65,103915.815385,103142.0,8474.06976143,9941.6,HDD,/dev/sda,ST91000640NS,KB/s
5595,clnode031,randread,4096,/dev/sdb,65,1890.64615385,1788.99,171.005260695,177.638,HDD,/dev/sdb,ST91000640NS,KB/s
5596,clnode031,randwrite,1,/dev/sda4,65,1754.44507692,1713.81,108.856021353,215.656,HDD,/dev/sda,ST91000640NS,KB/s
5598,clnode031,randwrite,4096,/dev/sda4,65,1828.606,1789.65,132.649256617,187.34,HDD,/dev/sda,ST91000640NS,KB/s
5599,clnode031,randwrite,4096,/dev/sdb,65,1829.02384615,1722.36,112.495889183,120.27,HDD,/dev/sdb,ST91000640NS,KB/s
5597,clnode031,randwrite,1,/dev/sdb,65,1723.65169231,1627.99,106.488563061,115.096,HDD,/dev/sdb,ST91000640NS,KB/s
5601,clnode031,read,1,/dev/sdb,65,58958.9061538,57862.3,1646.42843939,2236.39,HDD,/dev/sdb,ST91000640NS,KB/s
5602,clnode031,read,4096,/dev/sda4,65,110821.153846,110060.0,5120.64212171,5777.25,HDD,/dev/sda,ST91000640NS,KB/s
5603,clnode031,read,4096,/dev/sdb,65,113058.415385,112582.0,4432.21772005,5281.7,HDD,/dev/sdb,ST91000640NS,KB/s
5604,clnode031,write,1,/dev/sda4,65,55826.2076923,53015.1,1450.42650728,2165.51,HDD,/dev/sda,ST91000640NS,KB/s
5605,clnode031,write,1,/dev/sdb,65,54178.0076923,52934.9,1462.05561982,1913.3,HDD,/dev/sdb,ST91000640NS,KB/s
9453,ms0709,read,4096,/dev/sda2,63,193096.428571,189393.0,1980.65288462,2409.9,SSD,/dev/sda,XR0120GEBLT,KB/s
9449,ms0709,randread,4096,/dev/sda2,63,98815.4269841,91438.9,63026.532568,65666.4,SSD,/dev/sda,XR0120GEBLT,KB/s
9450,ms0709,randwrite,1,/dev/sda2,63,1945.26936508,1923.23,22.5240946727,149.618,SSD,/dev/sda,XR0120GEBLT,KB/s
9451,ms0709,randwrite,4096,/dev/sda2,63,1957.66206349,1951.78,56.8619137645,62.9369,SSD,/dev/sda,XR0120GEBLT,KB/s
9452,ms0709,read,1,/dev/sda2,63,75550.8095238,71229.4,2232.96736648,17057.3,SSD,/dev/sda,XR0120GEBLT,KB/s
9455,ms0709,write,4096,/dev/sda2,63,118796.730159,117261.0,2222.47250001,12259.2,SSD,/dev/sda,XR0120GEBLT,KB/s
9448,ms0709,randread,1,/dev/sda2,63,74533.1412698,73927.5,36605.5150102,37023.8,SSD,/dev/sda,XR0120GEBLT,KB/s
9454,ms0709,write,1,/dev/sda2,63,1946.76111111,1943.0,15.900696437,82.0791,SSD,/dev/sda,XR0120GEBLT,KB/s
8545,ms0231,randread,4096,/dev/sda2,62,98558.333871,98326.6,63010.157859,63274.5,SSD,/dev/sda,XR0120GEBLT,KB/s
8546,ms0231,randwrite,1,/dev/sda2,62,1973.39451613,1968.86,16.2062498165,24.3146,SSD,/dev/sda,XR0120GEBLT,KB/s
8544,ms0231,randread,1,/dev/sda2,62,74216.8612903,73787.4,36635.7519467,37064.1,SSD,/dev/sda,XR0120GEBLT,KB/s
5661,clnode035,randwrite,1,/dev/sdb,62,1592.66,1521.35,110.720609513,118.496,HDD,/dev/sdb,ST91000640NS,KB/s
5664,clnode035,read,1,/dev/sda4,62,50348.4935484,45163.3,16582.9441658,20245.4,HDD,/dev/sda,ST91000640NS,KB/s
5663,clnode035,randwrite,4096,/dev/sdb,62,1727.53580645,1600.46,116.267683273,125.056,HDD,/dev/sdb,ST91000640NS,KB/s
5662,clnode035,randwrite,4096,/dev/sda4,62,1857.42677419,1529.02,131.819580538,162.84,HDD,/dev/sda,ST91000640NS,KB/s
5660,clnode035,randwrite,1,/dev/sda4,62,1769.91193548,1506.69,108.414801358,121.738,HDD,/dev/sda,ST91000640NS,KB/s
5659,clnode035,randread,4096,/dev/sdb,62,1735.77354839,1679.09,173.372675693,183.335,HDD,/dev/sdb,ST91000640NS,KB/s
8548,ms0231,read,1,/dev/sda2,62,75173.7354839,71090.2,3079.65184935,16938.8,SSD,/dev/sda,XR0120GEBLT,KB/s
5658,clnode035,randread,4096,/dev/sda4,62,2022.58451613,1900.12,169.816217599,181.062,HDD,/dev/sda,ST91000640NS,KB/s
8547,ms0231,randwrite,4096,/dev/sda2,62,1986.63725806,1980.77,58.0594752163,64.7885,SSD,/dev/sda,XR0120GEBLT,KB/s
9099,ms0410,randwrite,4096,/dev/sda2,62,2002.90741935,1998.18,57.4783053931,63.3515,SSD,/dev/sda,XR0120GEBLT,KB/s
8549,ms0231,read,4096,/dev/sda2,62,191856.564516,176065.0,2034.22083495,3629.94,SSD,/dev/sda,XR0120GEBLT,KB/s
9103,ms0410,write,4096,/dev/sda2,62,120379.564516,118251.0,5072.54184097,14490.3,SSD,/dev/sda,XR0120GEBLT,KB/s
5657,clnode035,randread,1,/dev/sdb,62,613.969693548,558.382,36.9750235313,41.5339,HDD,/dev/sdb,ST91000640NS,KB/s
9096,ms0410,randread,1,/dev/sda2,62,74029.6193548,73562.5,36727.8227668,36991.3,SSD,/dev/sda,XR0120GEBLT,KB/s
9097,ms0410,randread,4096,/dev/sda2,62,98248.7790323,97544.6,63070.9901946,63510.9,SSD,/dev/sda,XR0120GEBLT,KB/s
9098,ms0410,randwrite,1,/dev/sda2,62,1990.11983871,1985.41,13.7430984203,21.2796,SSD,/dev/sda,XR0120GEBLT,KB/s
9100,ms0410,read,1,/dev/sda2,62,75012.3774194,70897.1,2196.26152197,16630.1,SSD,/dev/sda,XR0120GEBLT,KB/s
9101,ms0410,read,4096,/dev/sda2,62,178025.33871,169581.0,2138.79870755,3812.84,SSD,/dev/sda,XR0120GEBLT,KB/s
9102,ms0410,write,1,/dev/sda2,62,1991.39193548,1987.86,13.9515746526,36.5876,SSD,/dev/sda,XR0120GEBLT,KB/s
5671,clnode035,write,4096,/dev/sdb,62,104047.854839,103224.0,6473.77227644,7991.87,HDD,/dev/sdb,ST91000640NS,KB/s
8550,ms0231,write,1,/dev/sda2,62,1976.68693548,1972.16,18.4172152016,76.5242,SSD,/dev/sda,XR0120GEBLT,KB/s
5670,clnode035,write,4096,/dev/sda4,62,106560.354839,105746.0,8266.89883656,10132.9,HDD,/dev/sda,ST91000640NS,KB/s
5669,clnode035,write,1,/dev/sdb,62,53616.6354839,51983.4,1516.02671667,1862.12,HDD,/dev/sdb,ST91000640NS,KB/s
5668,clnode035,write,1,/dev/sda4,62,55627.983871,52883.4,1545.28859394,2017.86,HDD,/dev/sda,ST91000640NS,KB/s
5667,clnode035,read,4096,/dev/sdb,62,111165.790323,109957.0,5605.31230847,6462.27,HDD,/dev/sdb,ST91000640NS,KB/s
5666,clnode035,read,4096,/dev/sda4,62,113211.709677,112599.0,4043.48690517,4691.27,HDD,/dev/sda,ST91000640NS,KB/s
5665,clnode035,read,1,/dev/sdb,62,58849.2048387,57563.4,1590.631569,2202.77,HDD,/dev/sdb,ST91000640NS,KB/s
8551,ms0231,write,4096,/dev/sda2,62,119786.758065,117921.0,4136.01116169,13576.0,SSD,/dev/sda,XR0120GEBLT,KB/s
5656,clnode035,randread,1,/dev/sda4,62,670.010774194,660.068,32.3303878232,33.6802,HDD,/dev/sda,ST91000640NS,KB/s
5864,clnode048,randread,1,/dev/sda4,61,670.112196721,664.6,32.003614732,33.1602,HDD,/dev/sda,ST91000640NS,KB/s
5873,clnode048,read,1,/dev/sdb,61,60223.3081967,57867.4,1610.42456305,2141.92,HDD,/dev/sdb,ST91000640NS,KB/s
5879,clnode048,write,4096,/dev/sdb,61,105501.918033,104883.0,6430.505045,7255.35,HDD,/dev/sdb,ST91000640NS,KB/s
5865,clnode048,randread,1,/dev/sdb,61,670.651803279,661.127,31.476606218,32.638,HDD,/dev/sdb,ST91000640NS,KB/s
5866,clnode048,randread,4096,/dev/sda4,61,2046.24278689,1974.91,166.05358198,174.292,HDD,/dev/sda,ST91000640NS,KB/s
5872,clnode048,read,1,/dev/sda4,61,60440.8508197,57729.6,1593.4829697,2138.61,HDD,/dev/sda,ST91000640NS,KB/s
5868,clnode048,randwrite,1,/dev/sda4,61,1747.91491803,1726.38,122.665123465,137.651,HDD,/dev/sda,ST91000640NS,KB/s
5869,clnode048,randwrite,1,/dev/sdb,61,1851.30639344,1825.32,99.4090003174,106.572,HDD,/dev/sdb,ST91000640NS,KB/s
5870,clnode048,randwrite,4096,/dev/sda4,61,1880.05180328,1767.67,138.247638945,192.674,HDD,/dev/sda,ST91000640NS,KB/s
5871,clnode048,randwrite,4096,/dev/sdb,61,1961.82606557,1937.97,112.517182519,116.581,HDD,/dev/sdb,ST91000640NS,KB/s
5867,clnode048,randread,4096,/dev/sdb,61,2016.3104918,1919.63,166.137750894,172.697,HDD,/dev/sdb,ST91000640NS,KB/s
5878,clnode048,write,4096,/dev/sda4,61,104237.819672,103443.0,8218.42823234,10389.3,HDD,/dev/sda,ST91000640NS,KB/s
5877,clnode048,write,1,/dev/sdb,61,55120.4622951,51684.8,1396.75538549,1823.85,HDD,/dev/sdb,ST91000640NS,KB/s
5874,clnode048,read,4096,/dev/sda4,61,111153.852459,110611.0,4300.68756654,5183.57,HDD,/dev/sda,ST91000640NS,KB/s
5875,clnode048,read,4096,/dev/sdb,61,111560.213115,111213.0,5428.65685318,5915.8,HDD,/dev/sdb,ST91000640NS,KB/s
5876,clnode048,write,1,/dev/sda4,61,57160.6836066,53029.2,1412.46336587,1787.89,HDD,/dev/sda,ST91000640NS,KB/s
5681,clnode036,read,1,/dev/sdb,60,58929.7433333,57566.9,1653.31237721,2226.09,HDD,/dev/sdb,ST91000640NS,KB/s
5680,clnode036,read,1,/dev/sda4,60,58903.1666667,57600.4,1689.96084846,2306.17,HDD,/dev/sda,ST91000640NS,KB/s
5679,clnode036,randwrite,4096,/dev/sdb,60,1911.742,1796.87,115.993766286,121.935,HDD,/dev/sdb,ST91000640NS,KB/s
8411,ms0214,randwrite,4096,/dev/sda2,60,1933.63916667,1921.19,56.5577030861,61.5245,SSD,/dev/sda,XR0120GEBLT,KB/s
5683,clnode036,read,4096,/dev/sdb,60,111509.6,111080.0,3789.64296938,4394.66,HDD,/dev/sdb,ST91000640NS,KB/s
5678,clnode036,randwrite,4096,/dev/sda4,60,1497.42666667,1378.54,108.918798803,127.715,HDD,/dev/sda,ST91000640NS,KB/s
5677,clnode036,randwrite,1,/dev/sdb,60,1792.25333333,1687.07,102.784213864,112.967,HDD,/dev/sdb,ST91000640NS,KB/s
5676,clnode036,randwrite,1,/dev/sda4,60,1453.40266667,1330.23,94.4583393908,109.956,HDD,/dev/sda,ST91000640NS,KB/s
5675,clnode036,randread,4096,/dev/sdb,60,1862.92683333,1760.64,176.994516664,185.71,HDD,/dev/sdb,ST91000640NS,KB/s
5674,clnode036,randread,4096,/dev/sda4,60,1536.6665,1318.3,159.770732691,179.876,HDD,/dev/sda,ST91000640NS,KB/s
5673,clnode036,randread,1,/dev/sdb,60,654.481433333,621.507,31.8338116234,37.897,HDD,/dev/sdb,ST91000640NS,KB/s
5682,clnode036,read,4096,/dev/sda4,60,109878.766667,109406.0,5922.24289848,6458.03,HDD,/dev/sda,ST91000640NS,KB/s
5686,clnode036,write,4096,/dev/sda4,60,102771.033333,102139.0,9149.51338033,10504.7,HDD,/dev/sda,ST91000640NS,KB/s
5684,clnode036,write,1,/dev/sda4,60,55488.4066667,52944.2,1530.17906414,1947.26,HDD,/dev/sda,ST91000640NS,KB/s
5685,clnode036,write,1,/dev/sdb,60,53778.455,52759.3,1455.5370549,1776.77,HDD,/dev/sdb,ST91000640NS,KB/s
8412,ms0214,read,1,/dev/sda2,60,75773.2383333,71273.0,2321.89989162,17361.5,SSD,/dev/sda,XR0120GEBLT,KB/s
5687,clnode036,write,4096,/dev/sdb,60,103892.15,103150.0,5695.4219958,6491.73,HDD,/dev/sdb,ST91000640NS,KB/s
8408,ms0214,randread,1,/dev/sda2,60,74835.6583333,74284.9,36594.1426332,36933.7,SSD,/dev/sda,XR0120GEBLT,KB/s
8409,ms0214,randread,4096,/dev/sda2,60,99399.3633333,92100.2,63058.9474351,65388.6,SSD,/dev/sda,XR0120GEBLT,KB/s
8410,ms0214,randwrite,1,/dev/sda2,60,1921.681,1897.78,23.2126595164,149.034,SSD,/dev/sda,XR0120GEBLT,KB/s
8415,ms0214,write,4096,/dev/sda2,60,117047.183333,114840.0,2417.82953302,12516.1,SSD,/dev/sda,XR0120GEBLT,KB/s
8414,ms0214,write,1,/dev/sda2,60,1923.0685,1913.7,13.7609541572,33.6605,SSD,/dev/sda,XR0120GEBLT,KB/s
8413,ms0214,read,4096,/dev/sda2,60,195288.283333,180135.0,2247.88018324,3901.2,SSD,/dev/sda,XR0120GEBLT,KB/s
5672,clnode036,randread,1,/dev/sda4,60,568.192166667,498.568,41.4768441794,47.2165,HDD,/dev/sda,ST91000640NS,KB/s
8386,ms0211,randwrite,1,/dev/sda2,56,1982.17089286,1975.4,13.0433286522,20.5853,SSD,/dev/sda,XR0120GEBLT,KB/s
8385,ms0211,randread,4096,/dev/sda2,56,98490.1767857,98112.9,63131.0306636,63518.3,SSD,/dev/sda,XR0120GEBLT,KB/s
8444,ms0218,read,1,/dev/sda2,56,75424.1267857,70994.1,2363.18249826,17104.8,SSD,/dev/sda,XR0120GEBLT,KB/s
8441,ms0218,randread,4096,/dev/sda2,56,98756.7214286,91199.1,62999.3370281,63349.6,SSD,/dev/sda,XR0120GEBLT,KB/s
8384,ms0211,randread,1,/dev/sda2,56,74177.4553571,73652.0,36652.1995478,37059.9,SSD,/dev/sda,XR0120GEBLT,KB/s
8447,ms0218,write,4096,/dev/sda2,56,119854.625,119171.0,1825.31639108,2672.27,SSD,/dev/sda,XR0120GEBLT,KB/s
8446,ms0218,write,1,/dev/sda2,56,1963.06160714,1959.45,12.9221530912,18.3224,SSD,/dev/sda,XR0120GEBLT,KB/s
8445,ms0218,read,4096,/dev/sda2,56,191857.125,178521.0,2758.22584405,4004.52,SSD,/dev/sda,XR0120GEBLT,KB/s
8443,ms0218,randwrite,4096,/dev/sda2,56,1973.95785714,1967.21,57.3960142823,64.6962,SSD,/dev/sda,XR0120GEBLT,KB/s
8442,ms0218,randwrite,1,/dev/sda2,56,1961.29928571,1953.22,13.8592033668,21.5854,SSD,/dev/sda,XR0120GEBLT,KB/s
8440,ms0218,randread,1,/dev/sda2,56,74470.2660714,74025.1,36615.8487319,36969.7,SSD,/dev/sda,XR0120GEBLT,KB/s
8391,ms0211,write,4096,/dev/sda2,56,119786.625,117891.0,3448.61797801,13230.3,SSD,/dev/sda,XR0120GEBLT,KB/s
8390,ms0211,write,1,/dev/sda2,56,1983.57946429,1978.74,14.2038019478,35.0246,SSD,/dev/sda,XR0120GEBLT,KB/s
8389,ms0211,read,4096,/dev/sda2,56,192428.982143,189013.0,1980.23075939,2213.61,SSD,/dev/sda,XR0120GEBLT,KB/s
8388,ms0211,read,1,/dev/sda2,56,75152.8125,70786.9,2311.69606977,16702.1,SSD,/dev/sda,XR0120GEBLT,KB/s
8387,ms0211,randwrite,4096,/dev/sda2,56,1994.91839286,1990.69,57.4880413475,64.9428,SSD,/dev/sda,XR0120GEBLT,KB/s
8133,ms0122,read,4096,/dev/sda2,55,180899.581818,169168.0,2321.10155942,3665.74,SSD,/dev/sda,XR0120GEBLT,KB/s
8130,ms0122,randwrite,1,/dev/sda2,55,2000.60381818,1986.21,21.9282482556,116.9,SSD,/dev/sda,XR0120GEBLT,KB/s
8131,ms0122,randwrite,4096,/dev/sda2,55,2013.43545455,2006.11,58.5850990023,65.7328,SSD,/dev/sda,XR0120GEBLT,KB/s
8132,ms0122,read,1,/dev/sda2,55,74903.1381818,70602.5,2620.95380154,16761.5,SSD,/dev/sda,XR0120GEBLT,KB/s
8128,ms0122,randread,1,/dev/sda2,55,73949.2672727,73290.4,36801.6584478,37098.4,SSD,/dev/sda,XR0120GEBLT,KB/s
8134,ms0122,write,1,/dev/sda2,55,2001.69309091,1996.53,16.1031561995,20.1829,SSD,/dev/sda,XR0120GEBLT,KB/s
8135,ms0122,write,4096,/dev/sda2,55,120658.927273,118410.0,4692.45039795,13830.1,SSD,/dev/sda,XR0120GEBLT,KB/s
8129,ms0122,randread,4096,/dev/sda2,55,98053.6818182,97837.1,63180.4857331,63635.6,SSD,/dev/sda,XR0120GEBLT,KB/s
6637,clnode096,randwrite,1,/dev/sdb,54,1724.09407407,1672.49,113.492625324,122.147,HDD,/dev/sdb,ST91000640NS,KB/s
6638,clnode096,randwrite,4096,/dev/sda4,54,1657.33074074,1427.83,120.515089596,145.16,HDD,/dev/sda,ST91000640NS,KB/s
6647,clnode096,write,4096,/dev/sdb,54,106423.814815,105841.0,5550.64278693,6637.04,HDD,/dev/sdb,ST91000640NS,KB/s
6646,clnode096,write,4096,/dev/sda4,54,105659.87037,105246.0,9177.21439363,10563.7,HDD,/dev/sda,ST91000640NS,KB/s
6639,clnode096,randwrite,4096,/dev/sdb,54,1845.53555556,1802.62,113.947951722,118.316,HDD,/dev/sdb,ST91000640NS,KB/s
6635,clnode096,randread,4096,/dev/sdb,54,1863.07,1809.72,166.475928518,175.891,HDD,/dev/sdb,ST91000640NS,KB/s
6634,clnode096,randread,4096,/dev/sda4,54,1843.59333333,1764.96,168.461128318,185.004,HDD,/dev/sda,ST91000640NS,KB/s
6633,clnode096,randread,1,/dev/sdb,54,647.556944444,606.219,33.0536903747,39.2243,HDD,/dev/sdb,ST91000640NS,KB/s
6632,clnode096,randread,1,/dev/sda4,54,647.96187037,625.873,33.0969196055,36.5836,HDD,/dev/sda,ST91000640NS,KB/s
6640,clnode096,read,1,/dev/sda4,54,59207.6888889,57767.2,1691.11311253,3335.32,HDD,/dev/sda,ST91000640NS,KB/s
9335,ms0439,write,4096,/dev/sda2,54,120825.240741,101067.0,3109.06562654,17345.6,SSD,/dev/sda,XR0120GEBLT,KB/s
9334,ms0439,write,1,/dev/sda2,54,1987.63740741,1926.08,16.6499981099,74.9964,SSD,/dev/sda,XR0120GEBLT,KB/s
9333,ms0439,read,4096,/dev/sda2,54,190873.648148,116480.0,7244.97654597,51167.9,SSD,/dev/sda,XR0120GEBLT,KB/s
9332,ms0439,read,1,/dev/sda2,54,74395.8185185,43846.6,4158.76822005,17476.6,SSD,/dev/sda,XR0120GEBLT,KB/s
9331,ms0439,randwrite,4096,/dev/sda2,54,1999.63962963,1983.35,57.668093428,64.7936,SSD,/dev/sda,XR0120GEBLT,KB/s
9330,ms0439,randwrite,1,/dev/sda2,54,1985.88962963,1919.2,13.3385836069,31.1586,SSD,/dev/sda,XR0120GEBLT,KB/s
9329,ms0439,randread,4096,/dev/sda2,54,97411.3981481,61639.4,62631.8363423,63407.0,SSD,/dev/sda,XR0120GEBLT,KB/s
9328,ms0439,randread,1,/dev/sda2,54,73369.5981481,44622.9,36497.2068884,37142.8,SSD,/dev/sda,XR0120GEBLT,KB/s
6641,clnode096,read,1,/dev/sdb,54,59083.8722222,57641.0,1629.07326658,2043.25,HDD,/dev/sdb,ST91000640NS,KB/s
6642,clnode096,read,4096,/dev/sda4,54,112868.462963,112671.0,6015.59728357,6399.36,HDD,/dev/sda,ST91000640NS,KB/s
6643,clnode096,read,4096,/dev/sdb,54,111978.722222,110665.0,4919.28975999,6191.46,HDD,/dev/sdb,ST91000640NS,KB/s
6644,clnode096,write,1,/dev/sda4,54,55621.2777778,52927.6,1442.84983382,1760.94,HDD,/dev/sda,ST91000640NS,KB/s
6645,clnode096,write,1,/dev/sdb,54,54025.7574074,53124.7,1491.54650406,1995.78,HDD,/dev/sdb,ST91000640NS,KB/s
6636,clnode096,randwrite,1,/dev/sda4,54,1606.71814815,1375.22,100.777304094,120.355,HDD,/dev/sda,ST91000640NS,KB/s
5952,clnode053,read,1,/dev/sda4,52,58833.3980769,57477.8,1660.13880798,2075.88,HDD,/dev/sda,ST91000640NS,KB/s
5944,clnode053,randread,1,/dev/sda4,52,603.709903846,556.05,41.6699265004,49.8528,HDD,/dev/sda,ST91000640NS,KB/s
5953,clnode053,read,1,/dev/sdb,52,59165.1269231,57784.5,1588.32447066,2098.9,HDD,/dev/sdb,ST91000640NS,KB/s
5945,clnode053,randread,1,/dev/sdb,52,597.229480769,496.091,34.7203323635,39.1391,HDD,/dev/sdb,ST91000640NS,KB/s
5959,clnode053,write,4096,/dev/sdb,52,105292.153846,104660.0,5513.78207615,6285.27,HDD,/dev/sdb,ST91000640NS,KB/s
5958,clnode053,write,4096,/dev/sda4,52,103455.326923,102679.0,8647.78865829,10029.4,HDD,/dev/sda,ST91000640NS,KB/s
5957,clnode053,write,1,/dev/sdb,52,53851.0096154,53025.5,1428.82937955,1722.45,HDD,/dev/sdb,ST91000640NS,KB/s
5956,clnode053,write,1,/dev/sda4,52,55673.9153846,52872.3,1443.60851644,1741.53,HDD,/dev/sda,ST91000640NS,KB/s
5954,clnode053,read,4096,/dev/sda4,52,110624.5,110062.0,4857.27999463,5427.59,HDD,/dev/sda,ST91000640NS,KB/s
5955,clnode053,read,4096,/dev/sdb,52,111617.057692,111506.0,4202.89259241,4473.84,HDD,/dev/sdb,ST91000640NS,KB/s
5951,clnode053,randwrite,4096,/dev/sdb,52,1779.02096154,1682.89,109.67700046,115.274,HDD,/dev/sdb,ST91000640NS,KB/s
5950,clnode053,randwrite,4096,/dev/sda4,52,1663.11134615,1460.64,122.36620431,139.663,HDD,/dev/sda,ST91000640NS,KB/s
5949,clnode053,randwrite,1,/dev/sdb,52,1684.98076923,1579.67,93.2313526752,102.967,HDD,/dev/sdb,ST91000640NS,KB/s
5948,clnode053,randwrite,1,/dev/sda4,52,1612.01038462,1419.71,104.374087221,146.791,HDD,/dev/sda,ST91000640NS,KB/s
5947,clnode053,randread,4096,/dev/sdb,52,1778.05538462,1605.8,164.058084478,174.953,HDD,/dev/sdb,ST91000640NS,KB/s
5946,clnode053,randread,4096,/dev/sda4,52,1707.00480769,1653.83,161.711931944,175.566,HDD,/dev/sda,ST91000640NS,KB/s
6391,clnode080,write,4096,/dev/sdb,51,104922.156863,103917.0,5884.33873848,7063.43,HDD,/dev/sdb,ST91000640NS,KB/s
6383,clnode080,randwrite,4096,/dev/sdb,51,1836.69490196,1764.86,116.883418915,124.842,HDD,/dev/sdb,ST91000640NS,KB/s
6390,clnode080,write,4096,/dev/sda4,51,103869.980392,103021.0,7821.04350814,9176.57,HDD,/dev/sda,ST91000640NS,KB/s
6389,clnode080,write,1,/dev/sdb,51,54253.7666667,53076.4,1499.79912373,2055.69,HDD,/dev/sdb,ST91000640NS,KB/s
6388,clnode080,write,1,/dev/sda4,51,55254.6392157,52812.9,1456.00522163,1807.12,HDD,/dev/sda,ST91000640NS,KB/s
6386,clnode080,read,4096,/dev/sda4,51,110909.54902,110442.0,3896.08077265,4364.03,HDD,/dev/sda,ST91000640NS,KB/s
6385,clnode080,read,1,/dev/sdb,51,58915.8313725,57864.1,1627.90251431,2013.77,HDD,/dev/sdb,ST91000640NS,KB/s
6384,clnode080,read,1,/dev/sda4,51,58748.7372549,57708.8,1657.0987505,2248.76,HDD,/dev/sda,ST91000640NS,KB/s
6387,clnode080,read,4096,/dev/sdb,51,110998.294118,110438.0,4933.03407988,5928.75,HDD,/dev/sdb,ST91000640NS,KB/s
6382,clnode080,randwrite,4096,/dev/sda4,51,1791.08215686,1742.85,127.086231457,146.576,HDD,/dev/sda,ST91000640NS,KB/s
6380,clnode080,randwrite,1,/dev/sda4,51,1701.96941176,1649.64,106.035777973,119.614,HDD,/dev/sda,ST91000640NS,KB/s
6379,clnode080,randread,4096,/dev/sdb,51,1892.57686275,1720.3,159.106640619,171.299,HDD,/dev/sdb,ST91000640NS,KB/s
6378,clnode080,randread,4096,/dev/sda4,51,1820.67784314,1743.28,169.478005519,182.21,HDD,/dev/sda,ST91000640NS,KB/s
6377,clnode080,randread,1,/dev/sdb,51,657.727607843,587.744,33.1247386005,40.056,HDD,/dev/sdb,ST91000640NS,KB/s
6376,clnode080,randread,1,/dev/sda4,51,646.346627451,612.376,33.2470325938,37.532,HDD,/dev/sda,ST91000640NS,KB/s
6381,clnode080,randwrite,1,/dev/sdb,51,1684.80627451,1615.03,111.151177478,119.163,HDD,/dev/sdb,ST91000640NS,KB/s
2623,c220g2-010823,randwrite,1,/dev/sdb,50,2461.1692,2257.66,145.113792323,290.905,HDD,/dev/sdb,HUC101212CSS600,KB/s
2626,c220g2-010823,randwrite,4096,/dev/sdb,50,2725.4016,2701.89,131.584739611,144.852,HDD,/dev/sdb,HUC101212CSS600,KB/s
2625,c220g2-010823,randwrite,4096,/dev/sda4,50,2633.6386,2619.8,145.073628452,186.558,HDD,/dev/sda,HUC101212CSS600,KB/s
2624,c220g2-010823,randwrite,1,/dev/sdc,50,80665.68,77498.7,1412.80467206,2371.06,SSD,/dev/sdc,INTEL SSDSC2BB48,KB/s
2620,c220g2-010823,randread,4096,/dev/sdb,50,3098.4774,3052.65,131.132501487,138.678,HDD,/dev/sdb,HUC101212CSS600,KB/s
2622,c220g2-010823,randwrite,1,/dev/sda4,50,2431.77,2211.37,107.529065128,285.845,HDD,/dev/sda,HUC101212CSS600,KB/s
2621,c220g2-010823,randread,4096,/dev/sdc,50,305476.7,305133.0,4361.32685856,4512.67,SSD,/dev/sdc,INTEL SSDSC2BB48,KB/s
2628,c220g2-010823,read,1,/dev/sda4,50,108432.462,97038.9,3318.38528791,5575.55,HDD,/dev/sda,HUC101212CSS600,KB/s
2619,c220g2-010823,randread,4096,/dev/sda4,50,2768.3112,2711.52,144.585296783,170.073,HDD,/dev/sda,HUC101212CSS600,KB/s
2618,c220g2-010823,randread,1,/dev/sdc,50,31054.964,30844.9,263.878782017,290.823,SSD,/dev/sdc,INTEL SSDSC2BB48,KB/s
2627,c220g2-010823,randwrite,4096,/dev/sdc,50,232743.38,230605.0,4498.45061377,5576.12,SSD,/dev/sdc,INTEL SSDSC2BB48,KB/s
2632,c220g2-010823,read,4096,/dev/sdb,50,179518.38,176880.0,8004.75265903,9906.88,HDD,/dev/sdb,HUC101212CSS600,KB/s
2629,c220g2-010823,read,1,/dev/sdb,50,108619.28,97144.5,2843.01637057,4731.66,HDD,/dev/sdb,HUC101212CSS600,KB/s
2630,c220g2-010823,read,1,/dev/sdc,50,88413.362,81240.4,1856.37869644,2921.62,SSD,/dev/sdc,INTEL SSDSC2BB48,KB/s
2631,c220g2-010823,read,4096,/dev/sda4,50,175200.48,171797.0,7891.04989204,11971.1,HDD,/dev/sda,HUC101212CSS600,KB/s
2633,c220g2-010823,read,4096,/dev/sdc,50,495183.42,479544.0,3086.2576216,7946.39,SSD,/dev/sdc,INTEL SSDSC2BB48,KB/s
2634,c220g2-010823,write,1,/dev/sda4,50,88351.726,75982.7,3939.4654804,7441.89,HDD,/dev/sda,HUC101212CSS600,KB/s
2635,c220g2-010823,write,1,/dev/sdb,50,89127.966,57113.2,1990.21544212,3074.35,HDD,/dev/sdb,HUC101212CSS600,KB/s
2636,c220g2-010823,write,1,/dev/sdc,50,78936.182,72828.9,1170.04853838,2091.62,SSD,/dev/sdc,INTEL SSDSC2BB48,KB/s
2637,c220g2-010823,write,4096,/dev/sda4,50,178186.02,176725.0,14833.8527134,17372.1,HDD,/dev/sda,HUC101212CSS600,KB/s
2638,c220g2-010823,write,4096,/dev/sdb,50,182708.56,181380.0,6984.46321602,7984.88,HDD,/dev/sdb,HUC101212CSS600,KB/s
2639,c220g2-010823,write,4096,/dev/sdc,50,446095.38,431373.0,25732.5776481,30289.9,SSD,/dev/sdc,INTEL SSDSC2BB48,KB/s
2617,c220g2-010823,randread,1,/dev/sdb,50,936.97826,934.088,40.338026347,53.425,HDD,/dev/sdb,HUC101212CSS600,KB/s
2616,c220g2-010823,randread,1,/dev/sda4,50,937.1698,935.387,35.6890662407,37.4028,HDD,/dev/sda,HUC101212CSS600,KB/s
